Position	N	Samples	1253	AL39761	Lyon2	L-3716	AB-40701
1849.0	1.0	Lyon2	0	0	1	0.0	0.0
2532.0	1.0	Lyon2	0	0	1	0.0	0.0
9143.0	2.0	1253,AL39761	1	1.0	0.0	0.0	0.0
11820.0	2.0	Lyon2,AB-40701	0	0	1	0.0	1.0
13460.0	4.0	1253,AL39761,Lyon2,L-3716	1	1.0	1	1.0	0.0
14401.0	3.0	1253,AL39761,Lyon2	1	1.0	1	0.0	0.0
14861.0	2.0	Lyon2,AB-40701	0	0	1	0.0	1.0
15087.0	1.0	Lyon2	0	0	1	0.0	0.0
15117.0	2.0	1253,AL39761	1	1.0	0.0	0.0	0.0
16119.0	1.0	Lyon2	0	0	1	0.0	0.0
17654.0	1.0	Lyon2	0	0	1	0.0	0.0
17657.0	1.0	Lyon2	0	0	1	0.0	0.0
23174.0	2.0	AL39761,Lyon2	0	1	1	0.0	0.0
25610.0	1.0	Lyon2	0	0	1	0.0	0.0
26055.0	1.0	Lyon2	0	0	1	0.0	0.0
27463.0	1.0	L-3716	0	0	0	1	0.0
27469.0	3.0	1253,AL39761,L-3716	1	1	0.0	1	0.0
29303.0	1.0	AL39761	0	1	0.0	0.0	0.0
29641.0	1.0	AL39761	0	1	0.0	0.0	0.0
33436.0	1.0	AL39761	0	1	0.0	0.0	0.0
33457.0	2.0	1253,L-3716	1	0.0	0.0	1	0.0
33841.0	1.0	AL39761	0	1	0.0	0.0	0.0
34527.0	1.0	L-3716	0	0	0	1	0.0
34890.0	1.0	Lyon2	0	0	1	0.0	0.0
35608.0	1.0	Lyon2	0	0	1	0.0	0.0
36008.0	1.0	Lyon2	0	0	1	0.0	0.0
36538.0	3.0	1253,AL39761,Lyon2	1	1	1	0.0	0.0
37305.0	1.0	Lyon2	0	0	1	0.0	0.0
37334.0	1.0	Lyon2	0	0	1	0.0	0.0
37763.0	1.0	L-3716	0	0	0	1	0.0
39758.0	3.0	1253,AL39761,Lyon2	1	1	1	0.0	0.0
42281.0	1.0	AL39761	0	1	0.0	0.0	0.0
43945.0	3.0	1253,AL39761,Lyon2	1	1	1	0.0	0.0
44689.0	1.0	AL39761	0	1	0.0	0.0	0.0
45829.0	1.0	Lyon2	0	0	1	0.0	0.0
47699.0	1.0	1253	1	0.0	0.0	0.0	0.0
49360.0	1.0	Lyon2	0	0	1	0.0	0.0
50557.0	1.0	AL39761	0	1	0.0	0.0	0.0
51949.0	2.0	1253,AL39761	1	1	0.0	0.0	0.0
54394.0	2.0	AL39761,L-3716	0	1	0.0	1	0.0
63146.0	1.0	Lyon2	0	0	1	0.0	0.0
63214.0	1.0	AL39761	0	1	0.0	0.0	0.0
63771.0	2.0	1253,L-3716	1	0.0	0.0	1	0.0
65150.0	1.0	Lyon2	0	0	1	0.0	0.0
67792.0	1.0	AL39761	0	1	0.0	0.0	0.0
70036.0	1.0	AL39761	0	1	0.0	0.0	0.0
70267.0	3.0	1253,AL39761,L-3716	1	1	0.0	1	0.0
74059.0	1.0	1253	1	0.0	0.0	0.0	0.0
75233.0	1.0	Lyon2	0	0	1	0.0	0.0
79480.0	1.0	Lyon2	0	0	1	0.0	0.0
84908.0	1.0	AL39761	0	1	0.0	0.0	0.0
87468.0	1.0	Lyon2	0	0	1	0.0	0.0
89200.0	2.0	AL39761,Lyon2	0	1	1	0.0	0.0
91132.0	1.0	AL39761	0	1	0.0	0.0	0.0
94388.0	1.0	Lyon2	0	0	1	0.0	0.0
96894.0	1.0	Lyon2	0	0	1	0.0	0.0
97350.0	1.0	Lyon2	0	0	1	0.0	0.0
97696.0	4.0	1253,AL39761,Lyon2,L-3716	1	1	1	1	0.0
100600.0	1.0	AL39761	0	1	0.0	0.0	0.0
101539.0	1.0	Lyon2	0	0	1	0.0	0.0
103600.0	4.0	1253,AL39761,Lyon2,L-3716	1	1	1	1	0.0
123454.0	3.0	Lyon2,L-3716,AB-40701	0	0	1	1	1.0
123520.0	3.0	1253,AL39761,L-3716	1	1	0.0	1	0.0
126803.0	2.0	AL39761,Lyon2	0	1	1	0.0	0.0
130618.0	1.0	1253	1	0.0	0.0	0.0	0.0
133862.0	1.0	1253	1	0.0	0.0	0.0	0.0
135329.0	1.0	Lyon2	0	0	1	0.0	0.0
139297.0	1.0	Lyon2	0	0	1	0.0	0.0
139756.0	4.0	1253,AL39761,L-3716,AB-40701	1	1	0.0	1	1.0
141623.0	1.0	Lyon2	0	0	1	0.0	0.0
142618.0	2.0	L-3716,AB-40701	0	0	0	1	1.0
143207.0	2.0	1253,AL39761	1	1	0.0	0.0	0.0
146236.0	2.0	L-3716,AB-40701	0	0	0	1	1.0
157292.0	1.0	1253	1	0.0	0.0	0.0	0.0
168748.0	1.0	Lyon2	0	0	1	0.0	0.0
175653.0	1.0	Lyon2	0	0	1	0.0	0.0
183091.0	1.0	Lyon2	0	0	1	0.0	0.0
187140.0	2.0	L-3716,AB-40701	0	0	0	1	1.0
191750.0	1.0	AB-40701	0	0	0	0	1
195177.0	1.0	AL39761	0	1	0.0	0.0	0.0
195360.0	2.0	1253,Lyon2	1	0.0	1	0.0	0.0
199470.0	2.0	1253,L-3716	1	0.0	0.0	1	0.0
199619.0	1.0	Lyon2	0	0	1	0.0	0.0
201718.0	1.0	Lyon2	0	0	1	0.0	0.0
203269.0	2.0	1253,L-3716	1	0.0	0.0	1	0.0
204094.0	2.0	1253,Lyon2	1	0.0	1	0.0	0.0
206385.0	2.0	1253,Lyon2	1	0.0	1	0.0	0.0
207226.0	1.0	1253	1	0.0	0.0	0.0	0.0
212353.0	2.0	1253,L-3716	1	0.0	0.0	1	0.0
213147.0	2.0	1253,Lyon2	1	0.0	1	0.0	0.0
222925.0	2.0	1253,Lyon2	1	0.0	1	0.0	0.0
223752.0	2.0	1253,Lyon2	1	0.0	1	0.0	0.0
225668.0	3.0	1253,Lyon2,L-3716	1	0.0	1	1	0.0
230170.0	3.0	1253,Lyon2,AB-40701	1	0.0	1	0.0	1
233358.0	3.0	1253,Lyon2,L-3716	1	0.0	1	1	0.0
233364.0	2.0	1253,L-3716	1	0.0	0.0	1	0.0
243535.0	1.0	1253	1	0.0	0.0	0.0	0.0
243598.0	3.0	1253,Lyon2,L-3716	1	0.0	1	1	0.0
249522.0	1.0	L-3716	0	0	0	1	0.0
251669.0	1.0	Lyon2	0	0	1	0.0	0.0
260282.0	1.0	Lyon2	0	0	1	0.0	0.0
262268.0	1.0	Lyon2	0	0	1	0.0	0.0
267751.0	1.0	Lyon2	0	0	1	0.0	0.0
274661.0	1.0	L-3716	0	0	0	1	0.0
278021.0	1.0	Lyon2	0	0	1	0.0	0.0
282892.0	1.0	Lyon2	0	0	1	0.0	0.0
288260.0	1.0	Lyon2	0	0	1	0.0	0.0
296312.0	1.0	Lyon2	0	0	1	0.0	0.0
302660.0	1.0	1253	1	0.0	0.0	0.0	0.0
304923.0	1.0	1253	1	0.0	0.0	0.0	0.0
309765.0	2.0	1253,L-3716	1	0.0	0.0	1	0.0
316129.0	1.0	1253	1	0.0	0.0	0.0	0.0
320180.0	1.0	Lyon2	0	0	1	0.0	0.0
325505.0	1.0	L-3716	0	0	0	1	0.0
327897.0	1.0	L-3716	0	0	0	1	0.0
331588.0	1.0	Lyon2	0	0	1	0.0	0.0
332951.0	1.0	1253	1	0.0	0.0	0.0	0.0
332986.0	1.0	1253	1	0.0	0.0	0.0	0.0
333212.0	1.0	Lyon2	0	0	1	0.0	0.0
640954.0	1.0	AB-40701	0	0	0	0	1
676345.0	1.0	AB-40701	0	0	0	0	1
757139.0	1.0	AB-40701	0	0	0	0	1
940602.0	1.0	AB-40701	0	0	0	0	1
948294.0	1.0	AB-40701	0	0	0	0	1
