Position	N	Samples	AL10082989COL3	AL10105494COL0
1701.0	2	AL10082989COL3,AL10105494COL0	1	1
2532.0	2	AL10082989COL3,AL10105494COL0	1	1
8040.0	2	AL10082989COL3,AL10105494COL0	1	1
9143.0	2	AL10082989COL3,AL10105494COL0	1	1
13460.0	2	AL10082989COL3,AL10105494COL0	1	1
14251.0	2	AL10082989COL3,AL10105494COL0	1	1
14401.0	2	AL10082989COL3,AL10105494COL0	1	1
15117.0	2	AL10082989COL3,AL10105494COL0	1	1
16055.0	2	AL10082989COL3,AL10105494COL0	1	1
17608.0	2	AL10082989COL3,AL10105494COL0	1	1
21819.0	1	AL10105494COL0	0	1
23174.0	2	AL10082989COL3,AL10105494COL0	1	1
27463.0	2	AL10082989COL3,AL10105494COL0	1	1
27469.0	2	AL10082989COL3,AL10105494COL0	1	1
30496.0	2	AL10082989COL3,AL10105494COL0	1	1
33457.0	2	AL10082989COL3,AL10105494COL0	1	1
33551.0	2	AL10082989COL3,AL10105494COL0	1	1
36538.0	2	AL10082989COL3,AL10105494COL0	1	1
37763.0	2	AL10082989COL3,AL10105494COL0	1	1
39758.0	2	AL10082989COL3,AL10105494COL0	1	1
42281.0	2	AL10082989COL3,AL10105494COL0	1	1
43945.0	2	AL10082989COL3,AL10105494COL0	1	1
50557.0	2	AL10082989COL3,AL10105494COL0	1	1
51949.0	2	AL10082989COL3,AL10105494COL0	1	1
54394.0	2	AL10082989COL3,AL10105494COL0	1	1
63771.0	2	AL10082989COL3,AL10105494COL0	1	1
70267.0	2	AL10082989COL3,AL10105494COL0	1	1
74059.0	2	AL10082989COL3,AL10105494COL0	1	1
88486.0	2	AL10082989COL3,AL10105494COL0	1	1
89200.0	2	AL10082989COL3,AL10105494COL0	1	1
97696.0	2	AL10082989COL3,AL10105494COL0	1	1
103600.0	2	AL10082989COL3,AL10105494COL0	1	1
104915.0	1	AL10082989COL3	1	0
104962.0	2	AL10082989COL3,AL10105494COL0	1	1
123000.0	2	AL10082989COL3,AL10105494COL0	1	1
123520.0	2	AL10082989COL3,AL10105494COL0	1	1
126803.0	2	AL10082989COL3,AL10105494COL0	1	1
133862.0	2	AL10082989COL3,AL10105494COL0	1	1
139756.0	2	AL10082989COL3,AL10105494COL0	1	1
143207.0	2	AL10082989COL3,AL10105494COL0	1	1
149323.0	2	AL10082989COL3,AL10105494COL0	1	1
157292.0	2	AL10082989COL3,AL10105494COL0	1	1
162581.0	2	AL10082989COL3,AL10105494COL0	1	1
178941.0	2	AL10082989COL3,AL10105494COL0	1	1
180025.0	2	AL10082989COL3,AL10105494COL0	1	1
195360.0	2	AL10082989COL3,AL10105494COL0	1	1
196522.0	2	AL10082989COL3,AL10105494COL0	1	1
199470.0	2	AL10082989COL3,AL10105494COL0	1	1
203269.0	2	AL10082989COL3,AL10105494COL0	1	1
206481.0	2	AL10082989COL3,AL10105494COL0	1	1
206484.0	2	AL10082989COL3,AL10105494COL0	1	1
207226.0	2	AL10082989COL3,AL10105494COL0	1	1
208322.0	2	AL10082989COL3,AL10105494COL0	1	1
212353.0	2	AL10082989COL3,AL10105494COL0	1	1
217201.0	2	AL10082989COL3,AL10105494COL0	1	1
223752.0	2	AL10082989COL3,AL10105494COL0	1	1
225668.0	2	AL10082989COL3,AL10105494COL0	1	1
233358.0	2	AL10082989COL3,AL10105494COL0	1	1
233364.0	2	AL10082989COL3,AL10105494COL0	1	1
243598.0	2	AL10082989COL3,AL10105494COL0	1	1
249522.0	2	AL10082989COL3,AL10105494COL0	1	1
251575.0	2	AL10082989COL3,AL10105494COL0	1	1
251669.0	2	AL10082989COL3,AL10105494COL0	1	1
257448.0	1	AL10082989COL3	1	0
260282.0	2	AL10082989COL3,AL10105494COL0	1	1
304923.0	2	AL10082989COL3,AL10105494COL0	1	1
309765.0	2	AL10082989COL3,AL10105494COL0	1	1
316129.0	2	AL10082989COL3,AL10105494COL0	1	1
320180.0	2	AL10082989COL3,AL10105494COL0	1	1
325505.0	2	AL10082989COL3,AL10105494COL0	1	1
327897.0	2	AL10082989COL3,AL10105494COL0	1	1
331588.0	2	AL10082989COL3,AL10105494COL0	1	1
333212.0	2	AL10082989COL3,AL10105494COL0	1	1
333292.0	2	AL10082989COL3,AL10105494COL0	1	1
333680.0	2	AL10082989COL3,AL10105494COL0	1	1
336005.0	2	AL10082989COL3,AL10105494COL0	1	1
342146.0	2	AL10082989COL3,AL10105494COL0	1	1
343281.0	2	AL10082989COL3,AL10105494COL0	1	1
350363.0	2	AL10082989COL3,AL10105494COL0	1	1
350489.0	2	AL10082989COL3,AL10105494COL0	1	1
350875.0	2	AL10082989COL3,AL10105494COL0	1	1
367471.0	2	AL10082989COL3,AL10105494COL0	1	1
372149.0	2	AL10082989COL3,AL10105494COL0	1	1
372913.0	2	AL10082989COL3,AL10105494COL0	1	1
381030.0	2	AL10082989COL3,AL10105494COL0	1	1
387353.0	2	AL10082989COL3,AL10105494COL0	1	1
391853.0	2	AL10082989COL3,AL10105494COL0	1	1
392261.0	2	AL10082989COL3,AL10105494COL0	1	1
403364.0	2	AL10082989COL3,AL10105494COL0	1	1
403920.0	2	AL10082989COL3,AL10105494COL0	1	1
408723.0	2	AL10082989COL3,AL10105494COL0	1	1
412280.0	2	AL10082989COL3,AL10105494COL0	1	1
422745.0	2	AL10082989COL3,AL10105494COL0	1	1
424932.0	2	AL10082989COL3,AL10105494COL0	1	1
428698.0	2	AL10082989COL3,AL10105494COL0	1	1
430294.0	2	AL10082989COL3,AL10105494COL0	1	1
438271.0	2	AL10082989COL3,AL10105494COL0	1	1
444351.0	2	AL10082989COL3,AL10105494COL0	1	1
445780.0	2	AL10082989COL3,AL10105494COL0	1	1
447442.0	2	AL10082989COL3,AL10105494COL0	1	1
467504.0	2	AL10082989COL3,AL10105494COL0	1	1
467516.0	2	AL10082989COL3,AL10105494COL0	1	1
467526.0	2	AL10082989COL3,AL10105494COL0	1	1
468357.0	2	AL10082989COL3,AL10105494COL0	1	1
472705.0	2	AL10082989COL3,AL10105494COL0	1	1
479632.0	2	AL10082989COL3,AL10105494COL0	1	1
483935.0	2	AL10082989COL3,AL10105494COL0	1	1
491742.0	2	AL10082989COL3,AL10105494COL0	1	1
492150.0	2	AL10082989COL3,AL10105494COL0	1	1
498531.0	2	AL10082989COL3,AL10105494COL0	1	1
501535.0	2	AL10082989COL3,AL10105494COL0	1	1
505974.0	2	AL10082989COL3,AL10105494COL0	1	1
514657.0	2	AL10082989COL3,AL10105494COL0	1	1
517358.0	2	AL10082989COL3,AL10105494COL0	1	1
517411.0	2	AL10082989COL3,AL10105494COL0	1	1
519185.0	2	AL10082989COL3,AL10105494COL0	1	1
522081.0	2	AL10082989COL3,AL10105494COL0	1	1
524891.0	2	AL10082989COL3,AL10105494COL0	1	1
527316.0	2	AL10082989COL3,AL10105494COL0	1	1
528354.0	2	AL10082989COL3,AL10105494COL0	1	1
534427.0	2	AL10082989COL3,AL10105494COL0	1	1
534691.0	2	AL10082989COL3,AL10105494COL0	1	1
535695.0	2	AL10082989COL3,AL10105494COL0	1	1
546357.0	2	AL10082989COL3,AL10105494COL0	1	1
547528.0	2	AL10082989COL3,AL10105494COL0	1	1
555991.0	2	AL10082989COL3,AL10105494COL0	1	1
557618.0	2	AL10082989COL3,AL10105494COL0	1	1
558501.0	2	AL10082989COL3,AL10105494COL0	1	1
563420.0	2	AL10082989COL3,AL10105494COL0	1	1
565404.0	2	AL10082989COL3,AL10105494COL0	1	1
565655.0	2	AL10082989COL3,AL10105494COL0	1	1
573384.0	2	AL10082989COL3,AL10105494COL0	1	1
584034.0	2	AL10082989COL3,AL10105494COL0	1	1
584171.0	2	AL10082989COL3,AL10105494COL0	1	1
584511.0	1	AL10105494COL0	0	1
589536.0	2	AL10082989COL3,AL10105494COL0	1	1
590763.0	2	AL10082989COL3,AL10105494COL0	1	1
599868.0	2	AL10082989COL3,AL10105494COL0	1	1
601640.0	2	AL10082989COL3,AL10105494COL0	1	1
637922.0	2	AL10082989COL3,AL10105494COL0	1	1
648605.0	2	AL10082989COL3,AL10105494COL0	1	1
648856.0	2	AL10082989COL3,AL10105494COL0	1	1
655986.0	2	AL10082989COL3,AL10105494COL0	1	1
657578.0	2	AL10082989COL3,AL10105494COL0	1	1
659341.0	2	AL10082989COL3,AL10105494COL0	1	1
662911.0	2	AL10082989COL3,AL10105494COL0	1	1
664249.0	2	AL10082989COL3,AL10105494COL0	1	1
670545.0	2	AL10082989COL3,AL10105494COL0	1	1
675673.0	2	AL10082989COL3,AL10105494COL0	1	1
684290.0	2	AL10082989COL3,AL10105494COL0	1	1
684671.0	1	AL10105494COL0	0	1
690248.0	2	AL10082989COL3,AL10105494COL0	1	1
690450.0	2	AL10082989COL3,AL10105494COL0	1	1
694465.0	2	AL10082989COL3,AL10105494COL0	1	1
700776.0	2	AL10082989COL3,AL10105494COL0	1	1
705602.0	2	AL10082989COL3,AL10105494COL0	1	1
709226.0	2	AL10082989COL3,AL10105494COL0	1	1
712693.0	2	AL10082989COL3,AL10105494COL0	1	1
713310.0	2	AL10082989COL3,AL10105494COL0	1	1
715266.0	2	AL10082989COL3,AL10105494COL0	1	1
717588.0	2	AL10082989COL3,AL10105494COL0	1	1
726703.0	2	AL10082989COL3,AL10105494COL0	1	1
736710.0	2	AL10082989COL3,AL10105494COL0	1	1
751947.0	2	AL10082989COL3,AL10105494COL0	1	1
752343.0	2	AL10082989COL3,AL10105494COL0	1	1
752802.0	2	AL10082989COL3,AL10105494COL0	1	1
757182.0	2	AL10082989COL3,AL10105494COL0	1	1
761495.0	2	AL10082989COL3,AL10105494COL0	1	1
763031.0	2	AL10082989COL3,AL10105494COL0	1	1
764995.0	2	AL10082989COL3,AL10105494COL0	1	1
767414.0	2	AL10082989COL3,AL10105494COL0	1	1
769663.0	2	AL10082989COL3,AL10105494COL0	1	1
773809.0	2	AL10082989COL3,AL10105494COL0	1	1
776100.0	2	AL10082989COL3,AL10105494COL0	1	1
796509.0	2	AL10082989COL3,AL10105494COL0	1	1
812808.0	2	AL10082989COL3,AL10105494COL0	1	1
815236.0	2	AL10082989COL3,AL10105494COL0	1	1
815851.0	2	AL10082989COL3,AL10105494COL0	1	1
817856.0	2	AL10082989COL3,AL10105494COL0	1	1
820752.0	2	AL10082989COL3,AL10105494COL0	1	1
821907.0	2	AL10082989COL3,AL10105494COL0	1	1
832201.0	2	AL10082989COL3,AL10105494COL0	1	1
832246.0	2	AL10082989COL3,AL10105494COL0	1	1
843229.0	2	AL10082989COL3,AL10105494COL0	1	1
847995.0	2	AL10082989COL3,AL10105494COL0	1	1
848407.0	2	AL10082989COL3,AL10105494COL0	1	1
849753.0	2	AL10082989COL3,AL10105494COL0	1	1
862987.0	2	AL10082989COL3,AL10105494COL0	1	1
863805.0	2	AL10082989COL3,AL10105494COL0	1	1
871271.0	2	AL10082989COL3,AL10105494COL0	1	1
885542.0	2	AL10082989COL3,AL10105494COL0	1	1
886872.0	2	AL10082989COL3,AL10105494COL0	1	1
894888.0	2	AL10082989COL3,AL10105494COL0	1	1
911261.0	2	AL10082989COL3,AL10105494COL0	1	1
913274.0	2	AL10082989COL3,AL10105494COL0	1	1
916046.0	2	AL10082989COL3,AL10105494COL0	1	1
919393.0	2	AL10082989COL3,AL10105494COL0	1	1
922004.0	2	AL10082989COL3,AL10105494COL0	1	1
929094.0	1	AL10105494COL0	0	1
931123.0	2	AL10082989COL3,AL10105494COL0	1	1
932280.0	2	AL10082989COL3,AL10105494COL0	1	1
933699.0	2	AL10082989COL3,AL10105494COL0	1	1
934230.0	2	AL10082989COL3,AL10105494COL0	1	1
934611.0	2	AL10082989COL3,AL10105494COL0	1	1
938246.0	2	AL10082989COL3,AL10105494COL0	1	1
941845.0	2	AL10082989COL3,AL10105494COL0	1	1
942479.0	2	AL10082989COL3,AL10105494COL0	1	1
948294.0	2	AL10082989COL3,AL10105494COL0	1	1
951142.0	2	AL10082989COL3,AL10105494COL0	1	1
954533.0	2	AL10082989COL3,AL10105494COL0	1	1
957117.0	2	AL10082989COL3,AL10105494COL0	1	1
960367.0	2	AL10082989COL3,AL10105494COL0	1	1
991515.0	2	AL10082989COL3,AL10105494COL0	1	1
996982.0	2	AL10082989COL3,AL10105494COL0	1	1
1012322.0	2	AL10082989COL3,AL10105494COL0	1	1
1014815.0	2	AL10082989COL3,AL10105494COL0	1	1
1024346.0	2	AL10082989COL3,AL10105494COL0	1	1
1040050.0	2	AL10082989COL3,AL10105494COL0	1	1
1040706.0	2	AL10082989COL3,AL10105494COL0	1	1
1054784.0	2	AL10082989COL3,AL10105494COL0	1	1
1057788.0	2	AL10082989COL3,AL10105494COL0	1	1
1063765.0	2	AL10082989COL3,AL10105494COL0	1	1
1073033.0	2	AL10082989COL3,AL10105494COL0	1	1
1083576.0	2	AL10082989COL3,AL10105494COL0	1	1
1087279.0	2	AL10082989COL3,AL10105494COL0	1	1
1088723.0	2	AL10082989COL3,AL10105494COL0	1	1
1092867.0	2	AL10082989COL3,AL10105494COL0	1	1
1093322.0	2	AL10082989COL3,AL10105494COL0	1	1
1096633.0	2	AL10082989COL3,AL10105494COL0	1	1
1097023.0	2	AL10082989COL3,AL10105494COL0	1	1
1098523.0	2	AL10082989COL3,AL10105494COL0	1	1
1103249.0	2	AL10082989COL3,AL10105494COL0	1	1
1104690.0	2	AL10082989COL3,AL10105494COL0	1	1
1105284.0	2	AL10082989COL3,AL10105494COL0	1	1
1105623.0	2	AL10082989COL3,AL10105494COL0	1	1
1107434.0	2	AL10082989COL3,AL10105494COL0	1	1
1107917.0	2	AL10082989COL3,AL10105494COL0	1	1
1107940.0	2	AL10082989COL3,AL10105494COL0	1	1
1109163.0	2	AL10082989COL3,AL10105494COL0	1	1
1110895.0	2	AL10082989COL3,AL10105494COL0	1	1
1110956.0	2	AL10082989COL3,AL10105494COL0	1	1
1113290.0	2	AL10082989COL3,AL10105494COL0	1	1
1116272.0	2	AL10082989COL3,AL10105494COL0	1	1
1123597.0	2	AL10082989COL3,AL10105494COL0	1	1
1131300.0	2	AL10082989COL3,AL10105494COL0	1	1
1142266.0	2	AL10082989COL3,AL10105494COL0	1	1
1143832.0	2	AL10082989COL3,AL10105494COL0	1	1
1144585.0	2	AL10082989COL3,AL10105494COL0	1	1
1144664.0	2	AL10082989COL3,AL10105494COL0	1	1
1148259.0	2	AL10082989COL3,AL10105494COL0	1	1
1162274.0	2	AL10082989COL3,AL10105494COL0	1	1
1164336.0	2	AL10082989COL3,AL10105494COL0	1	1
1167492.0	1	AL10105494COL0	0	1
1170857.0	2	AL10082989COL3,AL10105494COL0	1	1
1177896.0	2	AL10082989COL3,AL10105494COL0	1	1
1177994.0	2	AL10082989COL3,AL10105494COL0	1	1
1190017.0	1	AL10105494COL0	0	1
1190154.0	2	AL10082989COL3,AL10105494COL0	1	1
1191135.0	1	AL10082989COL3	1	0
1199547.0	2	AL10082989COL3,AL10105494COL0	1	1
1203824.0	2	AL10082989COL3,AL10105494COL0	1	1
1211369.0	2	AL10082989COL3,AL10105494COL0	1	1
1212076.0	1	AL10082989COL3	1	0
1220570.0	2	AL10082989COL3,AL10105494COL0	1	1
1230778.0	2	AL10082989COL3,AL10105494COL0	1	1
1235446.0	2	AL10082989COL3,AL10105494COL0	1	1
1248382.0	2	AL10082989COL3,AL10105494COL0	1	1
1248936.0	2	AL10082989COL3,AL10105494COL0	1	1
1250340.0	2	AL10082989COL3,AL10105494COL0	1	1
1250357.0	2	AL10082989COL3,AL10105494COL0	1	1
1251199.0	2	AL10082989COL3,AL10105494COL0	1	1
1252164.0	2	AL10082989COL3,AL10105494COL0	1	1
1254562.0	2	AL10082989COL3,AL10105494COL0	1	1
1269220.0	2	AL10082989COL3,AL10105494COL0	1	1
1272010.0	2	AL10082989COL3,AL10105494COL0	1	1
1275957.0	2	AL10082989COL3,AL10105494COL0	1	1
1281771.0	2	AL10082989COL3,AL10105494COL0	1	1
1287112.0	2	AL10082989COL3,AL10105494COL0	1	1
1306259.0	2	AL10082989COL3,AL10105494COL0	1	1
1310316.0	2	AL10082989COL3,AL10105494COL0	1	1
1324724.0	2	AL10082989COL3,AL10105494COL0	1	1
1332535.0	2	AL10082989COL3,AL10105494COL0	1	1
1340052.0	2	AL10082989COL3,AL10105494COL0	1	1
1341040.0	2	AL10082989COL3,AL10105494COL0	1	1
1341044.0	1	AL10082989COL3	1	0
1351172.0	2	AL10082989COL3,AL10105494COL0	1	1
1354437.0	2	AL10082989COL3,AL10105494COL0	1	1
1358940.0	2	AL10082989COL3,AL10105494COL0	1	1
1362006.0	2	AL10082989COL3,AL10105494COL0	1	1
1367484.0	2	AL10082989COL3,AL10105494COL0	1	1
1368947.0	2	AL10082989COL3,AL10105494COL0	1	1
1389738.0	2	AL10082989COL3,AL10105494COL0	1	1
1390763.0	2	AL10082989COL3,AL10105494COL0	1	1
1395010.0	2	AL10082989COL3,AL10105494COL0	1	1
1397201.0	2	AL10082989COL3,AL10105494COL0	1	1
1400396.0	2	AL10082989COL3,AL10105494COL0	1	1
1404169.0	2	AL10082989COL3,AL10105494COL0	1	1
1410062.0	2	AL10082989COL3,AL10105494COL0	1	1
1417554.0	2	AL10082989COL3,AL10105494COL0	1	1
1424699.0	2	AL10082989COL3,AL10105494COL0	1	1
1428506.0	2	AL10082989COL3,AL10105494COL0	1	1
1439749.0	2	AL10082989COL3,AL10105494COL0	1	1
1445474.0	2	AL10082989COL3,AL10105494COL0	1	1
1446923.0	2	AL10082989COL3,AL10105494COL0	1	1
1452071.0	2	AL10082989COL3,AL10105494COL0	1	1
1458144.0	2	AL10082989COL3,AL10105494COL0	1	1
1468208.0	2	AL10082989COL3,AL10105494COL0	1	1
1479085.0	2	AL10082989COL3,AL10105494COL0	1	1
1480024.0	2	AL10082989COL3,AL10105494COL0	1	1
1480972.0	2	AL10082989COL3,AL10105494COL0	1	1
1481185.0	2	AL10082989COL3,AL10105494COL0	1	1
1482862.0	2	AL10082989COL3,AL10105494COL0	1	1
1490905.0	2	AL10082989COL3,AL10105494COL0	1	1
1490911.0	2	AL10082989COL3,AL10105494COL0	1	1
1492194.0	2	AL10082989COL3,AL10105494COL0	1	1
1496964.0	2	AL10082989COL3,AL10105494COL0	1	1
1505194.0	2	AL10082989COL3,AL10105494COL0	1	1
1505973.0	2	AL10082989COL3,AL10105494COL0	1	1
1512031.0	2	AL10082989COL3,AL10105494COL0	1	1
1519847.0	2	AL10082989COL3,AL10105494COL0	1	1
1523175.0	2	AL10082989COL3,AL10105494COL0	1	1
1523791.0	2	AL10082989COL3,AL10105494COL0	1	1
1533208.0	2	AL10082989COL3,AL10105494COL0	1	1
1533241.0	2	AL10082989COL3,AL10105494COL0	1	1
1534132.0	2	AL10082989COL3,AL10105494COL0	1	1
1540141.0	2	AL10082989COL3,AL10105494COL0	1	1
1544255.0	2	AL10082989COL3,AL10105494COL0	1	1
1546530.0	2	AL10082989COL3,AL10105494COL0	1	1
1546703.0	2	AL10082989COL3,AL10105494COL0	1	1
1548087.0	2	AL10082989COL3,AL10105494COL0	1	1
1559562.0	2	AL10082989COL3,AL10105494COL0	1	1
1572851.0	1	AL10105494COL0	0	1
1574206.0	2	AL10082989COL3,AL10105494COL0	1	1
1584379.0	2	AL10082989COL3,AL10105494COL0	1	1
1585283.0	2	AL10082989COL3,AL10105494COL0	1	1
1585404.0	2	AL10082989COL3,AL10105494COL0	1	1
1586249.0	2	AL10082989COL3,AL10105494COL0	1	1
1599324.0	2	AL10082989COL3,AL10105494COL0	1	1
1600685.0	2	AL10082989COL3,AL10105494COL0	1	1
1608276.0	2	AL10082989COL3,AL10105494COL0	1	1
1611283.0	2	AL10082989COL3,AL10105494COL0	1	1
1613960.0	2	AL10082989COL3,AL10105494COL0	1	1
1627351.0	2	AL10082989COL3,AL10105494COL0	1	1
1634592.0	2	AL10082989COL3,AL10105494COL0	1	1
1636733.0	1	AL10082989COL3	1	0
1636742.0	1	AL10082989COL3	1	0
1636818.0	2	AL10082989COL3,AL10105494COL0	1	1
1636918.0	1	AL10105494COL0	0	1
1638364.0	2	AL10082989COL3,AL10105494COL0	1	1
1639418.0	2	AL10082989COL3,AL10105494COL0	1	1
1639643.0	2	AL10082989COL3,AL10105494COL0	1	1
1640442.0	2	AL10082989COL3,AL10105494COL0	1	1
1651306.0	2	AL10082989COL3,AL10105494COL0	1	1
1659994.0	2	AL10082989COL3,AL10105494COL0	1	1
1688300.0	2	AL10082989COL3,AL10105494COL0	1	1
1692795.0	2	AL10082989COL3,AL10105494COL0	1	1
1694547.0	2	AL10082989COL3,AL10105494COL0	1	1
1695674.0	2	AL10082989COL3,AL10105494COL0	1	1
1699849.0	2	AL10082989COL3,AL10105494COL0	1	1
1706746.0	2	AL10082989COL3,AL10105494COL0	1	1
1709432.0	2	AL10082989COL3,AL10105494COL0	1	1
1713192.0	2	AL10082989COL3,AL10105494COL0	1	1
1716472.0	2	AL10082989COL3,AL10105494COL0	1	1
1718761.0	2	AL10082989COL3,AL10105494COL0	1	1
1719391.0	2	AL10082989COL3,AL10105494COL0	1	1
1726816.0	2	AL10082989COL3,AL10105494COL0	1	1
1734994.0	2	AL10082989COL3,AL10105494COL0	1	1
1740771.0	2	AL10082989COL3,AL10105494COL0	1	1
1748906.0	2	AL10082989COL3,AL10105494COL0	1	1
1755519.0	2	AL10082989COL3,AL10105494COL0	1	1
1760923.0	2	AL10082989COL3,AL10105494COL0	1	1
1761789.0	2	AL10082989COL3,AL10105494COL0	1	1
1762615.0	2	AL10082989COL3,AL10105494COL0	1	1
1775312.0	2	AL10082989COL3,AL10105494COL0	1	1
1777213.0	2	AL10082989COL3,AL10105494COL0	1	1
1789675.0	2	AL10082989COL3,AL10105494COL0	1	1
1789678.0	2	AL10082989COL3,AL10105494COL0	1	1
1793769.0	2	AL10082989COL3,AL10105494COL0	1	1
1797027.0	2	AL10082989COL3,AL10105494COL0	1	1
1797577.0	2	AL10082989COL3,AL10105494COL0	1	1
1805948.0	2	AL10082989COL3,AL10105494COL0	1	1
1807188.0	2	AL10082989COL3,AL10105494COL0	1	1
1815604.0	2	AL10082989COL3,AL10105494COL0	1	1
1826054.0	2	AL10082989COL3,AL10105494COL0	1	1
1839260.0	2	AL10082989COL3,AL10105494COL0	1	1
1839759.0	2	AL10082989COL3,AL10105494COL0	1	1
1848184.0	2	AL10082989COL3,AL10105494COL0	1	1
1849609.0	2	AL10082989COL3,AL10105494COL0	1	1
1851927.0	2	AL10082989COL3,AL10105494COL0	1	1
1859559.0	2	AL10082989COL3,AL10105494COL0	1	1
1864924.0	2	AL10082989COL3,AL10105494COL0	1	1
1872959.0	2	AL10082989COL3,AL10105494COL0	1	1
1888128.0	2	AL10082989COL3,AL10105494COL0	1	1
1889073.0	2	AL10082989COL3,AL10105494COL0	1	1
1894422.0	2	AL10082989COL3,AL10105494COL0	1	1
1895174.0	2	AL10082989COL3,AL10105494COL0	1	1
1899351.0	2	AL10082989COL3,AL10105494COL0	1	1
1900800.0	2	AL10082989COL3,AL10105494COL0	1	1
1906336.0	2	AL10082989COL3,AL10105494COL0	1	1
1916137.0	2	AL10082989COL3,AL10105494COL0	1	1
1920120.0	2	AL10082989COL3,AL10105494COL0	1	1
1924959.0	2	AL10082989COL3,AL10105494COL0	1	1
1929252.0	2	AL10082989COL3,AL10105494COL0	1	1
1931470.0	2	AL10082989COL3,AL10105494COL0	1	1
1931718.0	2	AL10082989COL3,AL10105494COL0	1	1
1935695.0	2	AL10082989COL3,AL10105494COL0	1	1
1936525.0	2	AL10082989COL3,AL10105494COL0	1	1
1939763.0	2	AL10082989COL3,AL10105494COL0	1	1
1943039.0	2	AL10082989COL3,AL10105494COL0	1	1
1943592.0	2	AL10082989COL3,AL10105494COL0	1	1
1947763.0	2	AL10082989COL3,AL10105494COL0	1	1
1947903.0	2	AL10082989COL3,AL10105494COL0	1	1
1950874.0	2	AL10082989COL3,AL10105494COL0	1	1
1952160.0	2	AL10082989COL3,AL10105494COL0	1	1
1956523.0	2	AL10082989COL3,AL10105494COL0	1	1
1963957.0	2	AL10082989COL3,AL10105494COL0	1	1
1968640.0	2	AL10082989COL3,AL10105494COL0	1	1
1971562.0	2	AL10082989COL3,AL10105494COL0	1	1
1971725.0	2	AL10082989COL3,AL10105494COL0	1	1
1981056.0	2	AL10082989COL3,AL10105494COL0	1	1
1986457.0	2	AL10082989COL3,AL10105494COL0	1	1
1990919.0	1	AL10082989COL3	1	0
2002922.0	2	AL10082989COL3,AL10105494COL0	1	1
2007545.0	2	AL10082989COL3,AL10105494COL0	1	1
2010614.0	2	AL10082989COL3,AL10105494COL0	1	1
2017291.0	2	AL10082989COL3,AL10105494COL0	1	1
2019236.0	2	AL10082989COL3,AL10105494COL0	1	1
2026008.0	2	AL10082989COL3,AL10105494COL0	1	1
2030521.0	2	AL10082989COL3,AL10105494COL0	1	1
2032299.0	2	AL10082989COL3,AL10105494COL0	1	1
2037716.0	2	AL10082989COL3,AL10105494COL0	1	1
2039884.0	2	AL10082989COL3,AL10105494COL0	1	1
2049666.0	2	AL10082989COL3,AL10105494COL0	1	1
2050061.0	2	AL10082989COL3,AL10105494COL0	1	1
2050822.0	2	AL10082989COL3,AL10105494COL0	1	1
2052687.0	2	AL10082989COL3,AL10105494COL0	1	1
2053411.0	2	AL10082989COL3,AL10105494COL0	1	1
2053682.0	2	AL10082989COL3,AL10105494COL0	1	1
2062922.0	2	AL10082989COL3,AL10105494COL0	1	1
2071576.0	2	AL10082989COL3,AL10105494COL0	1	1
2072190.0	2	AL10082989COL3,AL10105494COL0	1	1
2074754.0	2	AL10082989COL3,AL10105494COL0	1	1
2077218.0	2	AL10082989COL3,AL10105494COL0	1	1
2077253.0	2	AL10082989COL3,AL10105494COL0	1	1
2093715.0	2	AL10082989COL3,AL10105494COL0	1	1
2097144.0	2	AL10082989COL3,AL10105494COL0	1	1
2097990.0	2	AL10082989COL3,AL10105494COL0	1	1
2108838.0	2	AL10082989COL3,AL10105494COL0	1	1
2108890.0	2	AL10082989COL3,AL10105494COL0	1	1
2110365.0	2	AL10082989COL3,AL10105494COL0	1	1
2120796.0	2	AL10082989COL3,AL10105494COL0	1	1
2122625.0	2	AL10082989COL3,AL10105494COL0	1	1
2122976.0	2	AL10082989COL3,AL10105494COL0	1	1
2128372.0	2	AL10082989COL3,AL10105494COL0	1	1
2128908.0	2	AL10082989COL3,AL10105494COL0	1	1
2129281.0	2	AL10082989COL3,AL10105494COL0	1	1
2130529.0	2	AL10082989COL3,AL10105494COL0	1	1
2134215.0	2	AL10082989COL3,AL10105494COL0	1	1
2144617.0	2	AL10082989COL3,AL10105494COL0	1	1
2145878.0	2	AL10082989COL3,AL10105494COL0	1	1
2151678.0	2	AL10082989COL3,AL10105494COL0	1	1
2154724.0	2	AL10082989COL3,AL10105494COL0	1	1
2156868.0	2	AL10082989COL3,AL10105494COL0	1	1
2158109.0	2	AL10082989COL3,AL10105494COL0	1	1
2160998.0	2	AL10082989COL3,AL10105494COL0	1	1
2164575.0	2	AL10082989COL3,AL10105494COL0	1	1
2165554.0	2	AL10082989COL3,AL10105494COL0	1	1
2167926.0	2	AL10082989COL3,AL10105494COL0	1	1
2174216.0	2	AL10082989COL3,AL10105494COL0	1	1
2177073.0	2	AL10082989COL3,AL10105494COL0	1	1
2196964.0	2	AL10082989COL3,AL10105494COL0	1	1
2197176.0	2	AL10082989COL3,AL10105494COL0	1	1
2199052.0	2	AL10082989COL3,AL10105494COL0	1	1
2199416.0	2	AL10082989COL3,AL10105494COL0	1	1
2207525.0	2	AL10082989COL3,AL10105494COL0	1	1
2209465.0	2	AL10082989COL3,AL10105494COL0	1	1
2216248.0	2	AL10082989COL3,AL10105494COL0	1	1
2218012.0	2	AL10082989COL3,AL10105494COL0	1	1
2222308.0	2	AL10082989COL3,AL10105494COL0	1	1
2229801.0	2	AL10082989COL3,AL10105494COL0	1	1
2231132.0	2	AL10082989COL3,AL10105494COL0	1	1
2231486.0	2	AL10082989COL3,AL10105494COL0	1	1
2241742.0	2	AL10082989COL3,AL10105494COL0	1	1
2243034.0	2	AL10082989COL3,AL10105494COL0	1	1
2245532.0	2	AL10082989COL3,AL10105494COL0	1	1
2246960.0	2	AL10082989COL3,AL10105494COL0	1	1
2247677.0	2	AL10082989COL3,AL10105494COL0	1	1
2253850.0	2	AL10082989COL3,AL10105494COL0	1	1
2260100.0	2	AL10082989COL3,AL10105494COL0	1	1
2267372.0	2	AL10082989COL3,AL10105494COL0	1	1
2283030.0	2	AL10082989COL3,AL10105494COL0	1	1
2296042.0	2	AL10082989COL3,AL10105494COL0	1	1
2301089.0	2	AL10082989COL3,AL10105494COL0	1	1
2302033.0	2	AL10082989COL3,AL10105494COL0	1	1
2306306.0	1	AL10082989COL3	1	0
2311099.0	2	AL10082989COL3,AL10105494COL0	1	1
2315669.0	2	AL10082989COL3,AL10105494COL0	1	1
2328543.0	2	AL10082989COL3,AL10105494COL0	1	1
2331620.0	2	AL10082989COL3,AL10105494COL0	1	1
2331789.0	2	AL10082989COL3,AL10105494COL0	1	1
2338866.0	2	AL10082989COL3,AL10105494COL0	1	1
2338912.0	2	AL10082989COL3,AL10105494COL0	1	1
2338990.0	2	AL10082989COL3,AL10105494COL0	1	1
2338994.0	2	AL10082989COL3,AL10105494COL0	1	1
2339255.0	2	AL10082989COL3,AL10105494COL0	1	1
2339719.0	1	AL10082989COL3	1	0
2339726.0	1	AL10082989COL3	1	0
2340756.0	2	AL10082989COL3,AL10105494COL0	1	1
2341030.0	2	AL10082989COL3,AL10105494COL0	1	1
2347442.0	2	AL10082989COL3,AL10105494COL0	1	1
2350186.0	2	AL10082989COL3,AL10105494COL0	1	1
2359927.0	2	AL10082989COL3,AL10105494COL0	1	1
2369186.0	2	AL10082989COL3,AL10105494COL0	1	1
2369326.0	2	AL10082989COL3,AL10105494COL0	1	1
2376425.0	2	AL10082989COL3,AL10105494COL0	1	1
2379743.0	2	AL10082989COL3,AL10105494COL0	1	1
2388641.0	2	AL10082989COL3,AL10105494COL0	1	1
2390299.0	2	AL10082989COL3,AL10105494COL0	1	1
2413246.0	2	AL10082989COL3,AL10105494COL0	1	1
2419142.0	1	AL10082989COL3	1	0
2421816.0	2	AL10082989COL3,AL10105494COL0	1	1
2424864.0	2	AL10082989COL3,AL10105494COL0	1	1
2425471.0	2	AL10082989COL3,AL10105494COL0	1	1
2437259.0	2	AL10082989COL3,AL10105494COL0	1	1
2437971.0	2	AL10082989COL3,AL10105494COL0	1	1
2447539.0	2	AL10082989COL3,AL10105494COL0	1	1
2448458.0	2	AL10082989COL3,AL10105494COL0	1	1
2449295.0	2	AL10082989COL3,AL10105494COL0	1	1
2463094.0	2	AL10082989COL3,AL10105494COL0	1	1
2470591.0	2	AL10082989COL3,AL10105494COL0	1	1
2472956.0	2	AL10082989COL3,AL10105494COL0	1	1
2484255.0	2	AL10082989COL3,AL10105494COL0	1	1
2495500.0	2	AL10082989COL3,AL10105494COL0	1	1
2501148.0	2	AL10082989COL3,AL10105494COL0	1	1
2502073.0	2	AL10082989COL3,AL10105494COL0	1	1
2503625.0	2	AL10082989COL3,AL10105494COL0	1	1
2511712.0	2	AL10082989COL3,AL10105494COL0	1	1
2516567.0	2	AL10082989COL3,AL10105494COL0	1	1
2518132.0	2	AL10082989COL3,AL10105494COL0	1	1
2518919.0	2	AL10082989COL3,AL10105494COL0	1	1
2526974.0	2	AL10082989COL3,AL10105494COL0	1	1
2562783.0	2	AL10082989COL3,AL10105494COL0	1	1
2563958.0	2	AL10082989COL3,AL10105494COL0	1	1
2566768.0	2	AL10082989COL3,AL10105494COL0	1	1
2577246.0	2	AL10082989COL3,AL10105494COL0	1	1
2578626.0	2	AL10082989COL3,AL10105494COL0	1	1
2581109.0	2	AL10082989COL3,AL10105494COL0	1	1
2581821.0	2	AL10082989COL3,AL10105494COL0	1	1
2589216.0	2	AL10082989COL3,AL10105494COL0	1	1
2605293.0	2	AL10082989COL3,AL10105494COL0	1	1
2608117.0	2	AL10082989COL3,AL10105494COL0	1	1
2608488.0	2	AL10082989COL3,AL10105494COL0	1	1
2619271.0	2	AL10082989COL3,AL10105494COL0	1	1
2621058.0	2	AL10082989COL3,AL10105494COL0	1	1
2625924.0	2	AL10082989COL3,AL10105494COL0	1	1
2626108.0	2	AL10082989COL3,AL10105494COL0	1	1
2626189.0	2	AL10082989COL3,AL10105494COL0	1	1
2626191.0	2	AL10082989COL3,AL10105494COL0	1	1
2631641.0	2	AL10082989COL3,AL10105494COL0	1	1
2632500.0	2	AL10082989COL3,AL10105494COL0	1	1
2637298.0	2	AL10082989COL3,AL10105494COL0	1	1
2637327.0	2	AL10082989COL3,AL10105494COL0	1	1
2637330.0	2	AL10082989COL3,AL10105494COL0	1	1
2637459.0	1	AL10082989COL3	1	0
2637502.0	1	AL10082989COL3	1	0
2637507.0	1	AL10082989COL3	1	0
2637520.0	1	AL10082989COL3	1	0
2637523.0	1	AL10082989COL3	1	0
2637541.0	1	AL10082989COL3	1	0
2641840.0	2	AL10082989COL3,AL10105494COL0	1	1
2642383.0	2	AL10082989COL3,AL10105494COL0	1	1
2654371.0	2	AL10082989COL3,AL10105494COL0	1	1
2691713.0	2	AL10082989COL3,AL10105494COL0	1	1
2709795.0	2	AL10082989COL3,AL10105494COL0	1	1
2712913.0	2	AL10082989COL3,AL10105494COL0	1	1
2719800.0	1	AL10105494COL0	0	1
2721562.0	2	AL10082989COL3,AL10105494COL0	1	1
2723506.0	2	AL10082989COL3,AL10105494COL0	1	1
2732667.0	2	AL10082989COL3,AL10105494COL0	1	1
2736434.0	2	AL10082989COL3,AL10105494COL0	1	1
2737097.0	2	AL10082989COL3,AL10105494COL0	1	1
2737572.0	2	AL10082989COL3,AL10105494COL0	1	1
2740693.0	2	AL10082989COL3,AL10105494COL0	1	1
2745889.0	2	AL10082989COL3,AL10105494COL0	1	1
2746077.0	2	AL10082989COL3,AL10105494COL0	1	1
2764939.0	2	AL10082989COL3,AL10105494COL0	1	1
2790458.0	2	AL10082989COL3,AL10105494COL0	1	1
2791098.0	2	AL10082989COL3,AL10105494COL0	1	1
2791475.0	2	AL10082989COL3,AL10105494COL0	1	1
2800234.0	2	AL10082989COL3,AL10105494COL0	1	1
2807486.0	2	AL10082989COL3,AL10105494COL0	1	1
2812703.0	2	AL10082989COL3,AL10105494COL0	1	1
2814961.0	2	AL10082989COL3,AL10105494COL0	1	1
2825466.0	2	AL10082989COL3,AL10105494COL0	1	1
2839627.0	2	AL10082989COL3,AL10105494COL0	1	1
2841022.0	2	AL10082989COL3,AL10105494COL0	1	1
2847281.0	2	AL10082989COL3,AL10105494COL0	1	1
2858669.0	2	AL10082989COL3,AL10105494COL0	1	1
2861055.0	2	AL10082989COL3,AL10105494COL0	1	1
2870386.0	2	AL10082989COL3,AL10105494COL0	1	1
2871048.0	2	AL10082989COL3,AL10105494COL0	1	1
2878980.0	2	AL10082989COL3,AL10105494COL0	1	1
2881455.0	2	AL10082989COL3,AL10105494COL0	1	1
2886570.0	2	AL10082989COL3,AL10105494COL0	1	1
2893238.0	2	AL10082989COL3,AL10105494COL0	1	1
2897871.0	2	AL10082989COL3,AL10105494COL0	1	1
2903463.0	2	AL10082989COL3,AL10105494COL0	1	1
2922984.0	1	AL10082989COL3	1	0
2925962.0	2	AL10082989COL3,AL10105494COL0	1	1
2927511.0	2	AL10082989COL3,AL10105494COL0	1	1
2940552.0	2	AL10082989COL3,AL10105494COL0	1	1
2941477.0	1	AL10082989COL3	1	0
2945042.0	2	AL10082989COL3,AL10105494COL0	1	1
2945167.0	1	AL10082989COL3	1	0
2953307.0	2	AL10082989COL3,AL10105494COL0	1	1
2955233.0	2	AL10082989COL3,AL10105494COL0	1	1
2959324.0	2	AL10082989COL3,AL10105494COL0	1	1
2968913.0	2	AL10082989COL3,AL10105494COL0	1	1
2970126.0	2	AL10082989COL3,AL10105494COL0	1	1
2971122.0	2	AL10082989COL3,AL10105494COL0	1	1
2975227.0	2	AL10082989COL3,AL10105494COL0	1	1
2975856.0	2	AL10082989COL3,AL10105494COL0	1	1
2976616.0	2	AL10082989COL3,AL10105494COL0	1	1
2980970.0	2	AL10082989COL3,AL10105494COL0	1	1
2985216.0	2	AL10082989COL3,AL10105494COL0	1	1
2988630.0	2	AL10082989COL3,AL10105494COL0	1	1
2992440.0	2	AL10082989COL3,AL10105494COL0	1	1
2994187.0	2	AL10082989COL3,AL10105494COL0	1	1
3000362.0	2	AL10082989COL3,AL10105494COL0	1	1
3003115.0	2	AL10082989COL3,AL10105494COL0	1	1
3004091.0	2	AL10082989COL3,AL10105494COL0	1	1
3006896.0	2	AL10082989COL3,AL10105494COL0	1	1
3006898.0	2	AL10082989COL3,AL10105494COL0	1	1
3007238.0	2	AL10082989COL3,AL10105494COL0	1	1
3007872.0	2	AL10082989COL3,AL10105494COL0	1	1
3010420.0	2	AL10082989COL3,AL10105494COL0	1	1
3014454.0	2	AL10082989COL3,AL10105494COL0	1	1
3027606.0	2	AL10082989COL3,AL10105494COL0	1	1
3027798.0	2	AL10082989COL3,AL10105494COL0	1	1
3029610.0	2	AL10082989COL3,AL10105494COL0	1	1
3031168.0	2	AL10082989COL3,AL10105494COL0	1	1
3037377.0	2	AL10082989COL3,AL10105494COL0	1	1
3045080.0	2	AL10082989COL3,AL10105494COL0	1	1
3060354.0	2	AL10082989COL3,AL10105494COL0	1	1
3061615.0	2	AL10082989COL3,AL10105494COL0	1	1
3065824.0	2	AL10082989COL3,AL10105494COL0	1	1
3069167.0	2	AL10082989COL3,AL10105494COL0	1	1
3069805.0	2	AL10082989COL3,AL10105494COL0	1	1
3070938.0	2	AL10082989COL3,AL10105494COL0	1	1
3073868.0	2	AL10082989COL3,AL10105494COL0	1	1
3077039.0	2	AL10082989COL3,AL10105494COL0	1	1
3078178.0	2	AL10082989COL3,AL10105494COL0	1	1
3078826.0	2	AL10082989COL3,AL10105494COL0	1	1
3079877.0	2	AL10082989COL3,AL10105494COL0	1	1
3081833.0	2	AL10082989COL3,AL10105494COL0	1	1
3088625.0	2	AL10082989COL3,AL10105494COL0	1	1
3101119.0	2	AL10082989COL3,AL10105494COL0	1	1
3104189.0	2	AL10082989COL3,AL10105494COL0	1	1
3105144.0	2	AL10082989COL3,AL10105494COL0	1	1
3108055.0	2	AL10082989COL3,AL10105494COL0	1	1
3108674.0	2	AL10082989COL3,AL10105494COL0	1	1
3112877.0	2	AL10082989COL3,AL10105494COL0	1	1
3118449.0	2	AL10082989COL3,AL10105494COL0	1	1
3119513.0	2	AL10082989COL3,AL10105494COL0	1	1
3122943.0	2	AL10082989COL3,AL10105494COL0	1	1
3122949.0	2	AL10082989COL3,AL10105494COL0	1	1
3122951.0	2	AL10082989COL3,AL10105494COL0	1	1
3130645.0	2	AL10082989COL3,AL10105494COL0	1	1
3132784.0	2	AL10082989COL3,AL10105494COL0	1	1
3135896.0	2	AL10082989COL3,AL10105494COL0	1	1
3137237.0	2	AL10082989COL3,AL10105494COL0	1	1
3146992.0	2	AL10082989COL3,AL10105494COL0	1	1
3165074.0	2	AL10082989COL3,AL10105494COL0	1	1
3174496.0	2	AL10082989COL3,AL10105494COL0	1	1
3175702.0	2	AL10082989COL3,AL10105494COL0	1	1
3178445.0	2	AL10082989COL3,AL10105494COL0	1	1
3180988.0	2	AL10082989COL3,AL10105494COL0	1	1
3188769.0	2	AL10082989COL3,AL10105494COL0	1	1
3189242.0	2	AL10082989COL3,AL10105494COL0	1	1
3189580.0	2	AL10082989COL3,AL10105494COL0	1	1
3191027.0	2	AL10082989COL3,AL10105494COL0	1	1
3195731.0	2	AL10082989COL3,AL10105494COL0	1	1
3200304.0	2	AL10082989COL3,AL10105494COL0	1	1
3218343.0	2	AL10082989COL3,AL10105494COL0	1	1
3236230.0	2	AL10082989COL3,AL10105494COL0	1	1
3243630.0	2	AL10082989COL3,AL10105494COL0	1	1
3244414.0	2	AL10082989COL3,AL10105494COL0	1	1
3247874.0	2	AL10082989COL3,AL10105494COL0	1	1
3248028.0	2	AL10082989COL3,AL10105494COL0	1	1
3254880.0	2	AL10082989COL3,AL10105494COL0	1	1
3260301.0	2	AL10082989COL3,AL10105494COL0	1	1
3261380.0	2	AL10082989COL3,AL10105494COL0	1	1
3266030.0	2	AL10082989COL3,AL10105494COL0	1	1
3266123.0	2	AL10082989COL3,AL10105494COL0	1	1
3268297.0	2	AL10082989COL3,AL10105494COL0	1	1
3271037.0	2	AL10082989COL3,AL10105494COL0	1	1
3273138.0	2	AL10082989COL3,AL10105494COL0	1	1
3296721.0	2	AL10082989COL3,AL10105494COL0	1	1
3302683.0	2	AL10082989COL3,AL10105494COL0	1	1
3311119.0	2	AL10082989COL3,AL10105494COL0	1	1
3314412.0	2	AL10082989COL3,AL10105494COL0	1	1
3314629.0	2	AL10082989COL3,AL10105494COL0	1	1
3326554.0	2	AL10082989COL3,AL10105494COL0	1	1
3335708.0	2	AL10082989COL3,AL10105494COL0	1	1
3337572.0	2	AL10082989COL3,AL10105494COL0	1	1
3351926.0	2	AL10082989COL3,AL10105494COL0	1	1
3352932.0	2	AL10082989COL3,AL10105494COL0	1	1
3354896.0	2	AL10082989COL3,AL10105494COL0	1	1
3360240.0	2	AL10082989COL3,AL10105494COL0	1	1
3369869.0	2	AL10082989COL3,AL10105494COL0	1	1
3371260.0	2	AL10082989COL3,AL10105494COL0	1	1
3379731.0	1	AL10082989COL3	1	0
3379742.0	2	AL10082989COL3,AL10105494COL0	1	1
3379751.0	2	AL10082989COL3,AL10105494COL0	1	1
3379757.0	2	AL10082989COL3,AL10105494COL0	1	1
3379763.0	2	AL10082989COL3,AL10105494COL0	1	1
3396889.0	2	AL10082989COL3,AL10105494COL0	1	1
3401871.0	2	AL10082989COL3,AL10105494COL0	1	1
3404376.0	2	AL10082989COL3,AL10105494COL0	1	1
3415332.0	2	AL10082989COL3,AL10105494COL0	1	1
3418328.0	2	AL10082989COL3,AL10105494COL0	1	1
3418330.0	2	AL10082989COL3,AL10105494COL0	1	1
3420056.0	2	AL10082989COL3,AL10105494COL0	1	1
3420825.0	2	AL10082989COL3,AL10105494COL0	1	1
3423184.0	2	AL10082989COL3,AL10105494COL0	1	1
3426795.0	2	AL10082989COL3,AL10105494COL0	1	1
3429202.0	2	AL10082989COL3,AL10105494COL0	1	1
3440542.0	2	AL10082989COL3,AL10105494COL0	1	1
3441442.0	2	AL10082989COL3,AL10105494COL0	1	1
3444678.0	2	AL10082989COL3,AL10105494COL0	1	1
3450725.0	2	AL10082989COL3,AL10105494COL0	1	1
3454263.0	2	AL10082989COL3,AL10105494COL0	1	1
3454986.0	2	AL10082989COL3,AL10105494COL0	1	1
3455686.0	2	AL10082989COL3,AL10105494COL0	1	1
3457514.0	2	AL10082989COL3,AL10105494COL0	1	1
3460986.0	2	AL10082989COL3,AL10105494COL0	1	1
3464629.0	2	AL10082989COL3,AL10105494COL0	1	1
3466919.0	2	AL10082989COL3,AL10105494COL0	1	1
3467465.0	2	AL10082989COL3,AL10105494COL0	1	1
3475159.0	2	AL10082989COL3,AL10105494COL0	1	1
3480474.0	2	AL10082989COL3,AL10105494COL0	1	1
3480789.0	2	AL10082989COL3,AL10105494COL0	1	1
3489131.0	2	AL10082989COL3,AL10105494COL0	1	1
3498418.0	2	AL10082989COL3,AL10105494COL0	1	1
3501666.0	2	AL10082989COL3,AL10105494COL0	1	1
3501668.0	2	AL10082989COL3,AL10105494COL0	1	1
3505005.0	2	AL10082989COL3,AL10105494COL0	1	1
3509091.0	2	AL10082989COL3,AL10105494COL0	1	1
3510120.0	2	AL10082989COL3,AL10105494COL0	1	1
3521044.0	2	AL10082989COL3,AL10105494COL0	1	1
3529067.0	2	AL10082989COL3,AL10105494COL0	1	1
3530955.0	2	AL10082989COL3,AL10105494COL0	1	1
3537404.0	2	AL10082989COL3,AL10105494COL0	1	1
3542262.0	2	AL10082989COL3,AL10105494COL0	1	1
3548641.0	2	AL10082989COL3,AL10105494COL0	1	1
3555699.0	2	AL10082989COL3,AL10105494COL0	1	1
3560645.0	2	AL10082989COL3,AL10105494COL0	1	1
3564400.0	2	AL10082989COL3,AL10105494COL0	1	1
3566943.0	2	AL10082989COL3,AL10105494COL0	1	1
3571834.0	2	AL10082989COL3,AL10105494COL0	1	1
3573636.0	2	AL10082989COL3,AL10105494COL0	1	1
3577958.0	2	AL10082989COL3,AL10105494COL0	1	1
3581314.0	2	AL10082989COL3,AL10105494COL0	1	1
3582637.0	2	AL10082989COL3,AL10105494COL0	1	1
3594124.0	2	AL10082989COL3,AL10105494COL0	1	1
3610441.0	2	AL10082989COL3,AL10105494COL0	1	1
3621423.0	2	AL10082989COL3,AL10105494COL0	1	1
3624486.0	2	AL10082989COL3,AL10105494COL0	1	1
3638093.0	2	AL10082989COL3,AL10105494COL0	1	1
3643392.0	2	AL10082989COL3,AL10105494COL0	1	1
3643630.0	2	AL10082989COL3,AL10105494COL0	1	1
3647041.0	2	AL10082989COL3,AL10105494COL0	1	1
3658266.0	2	AL10082989COL3,AL10105494COL0	1	1
3670040.0	2	AL10082989COL3,AL10105494COL0	1	1
3679949.0	2	AL10082989COL3,AL10105494COL0	1	1
3681548.0	2	AL10082989COL3,AL10105494COL0	1	1
3684977.0	2	AL10082989COL3,AL10105494COL0	1	1
3690016.0	2	AL10082989COL3,AL10105494COL0	1	1
3693681.0	2	AL10082989COL3,AL10105494COL0	1	1
3696181.0	2	AL10082989COL3,AL10105494COL0	1	1
3697708.0	2	AL10082989COL3,AL10105494COL0	1	1
3706259.0	2	AL10082989COL3,AL10105494COL0	1	1
3730327.0	2	AL10082989COL3,AL10105494COL0	1	1
3730411.0	2	AL10082989COL3,AL10105494COL0	1	1
3730466.0	2	AL10082989COL3,AL10105494COL0	1	1
3730896.0	1	AL10082989COL3	1	0
3733684.0	2	AL10082989COL3,AL10105494COL0	1	1
3734121.0	2	AL10082989COL3,AL10105494COL0	1	1
3735802.0	2	AL10082989COL3,AL10105494COL0	1	1
3735967.0	2	AL10082989COL3,AL10105494COL0	1	1
3743549.0	2	AL10082989COL3,AL10105494COL0	1	1
3746845.0	2	AL10082989COL3,AL10105494COL0	1	1
3750163.0	2	AL10082989COL3,AL10105494COL0	1	1
3750185.0	2	AL10082989COL3,AL10105494COL0	1	1
3750205.0	2	AL10082989COL3,AL10105494COL0	1	1
3750407.0	2	AL10082989COL3,AL10105494COL0	1	1
3750417.0	1	AL10082989COL3	1	0
3750421.0	1	AL10082989COL3	1	0
3750805.0	1	AL10105494COL0	0	1
3750808.0	1	AL10105494COL0	0	1
3750812.0	1	AL10105494COL0	0	1
3750853.0	2	AL10082989COL3,AL10105494COL0	1	1
3753116.0	1	AL10082989COL3	1	0
3753415.0	2	AL10082989COL3,AL10105494COL0	1	1
3757052.0	1	AL10082989COL3	1	0
3771628.0	2	AL10082989COL3,AL10105494COL0	1	1
3772616.0	2	AL10082989COL3,AL10105494COL0	1	1
3776706.0	2	AL10082989COL3,AL10105494COL0	1	1
3785946.0	2	AL10082989COL3,AL10105494COL0	1	1
3786033.0	2	AL10082989COL3,AL10105494COL0	1	1
3788365.0	2	AL10082989COL3,AL10105494COL0	1	1
3792435.0	2	AL10082989COL3,AL10105494COL0	1	1
3794884.0	2	AL10082989COL3,AL10105494COL0	1	1
3800009.0	2	AL10082989COL3,AL10105494COL0	1	1
3808103.0	2	AL10082989COL3,AL10105494COL0	1	1
3811629.0	2	AL10082989COL3,AL10105494COL0	1	1
3815477.0	2	AL10082989COL3,AL10105494COL0	1	1
3825560.0	2	AL10082989COL3,AL10105494COL0	1	1
3830695.0	2	AL10082989COL3,AL10105494COL0	1	1
3847684.0	2	AL10082989COL3,AL10105494COL0	1	1
3850197.0	2	AL10082989COL3,AL10105494COL0	1	1
3851888.0	2	AL10082989COL3,AL10105494COL0	1	1
3859376.0	2	AL10082989COL3,AL10105494COL0	1	1
3871246.0	2	AL10082989COL3,AL10105494COL0	1	1
3873392.0	2	AL10082989COL3,AL10105494COL0	1	1
3874726.0	2	AL10082989COL3,AL10105494COL0	1	1
3893480.0	2	AL10082989COL3,AL10105494COL0	1	1
3894032.0	2	AL10082989COL3,AL10105494COL0	1	1
3895055.0	2	AL10082989COL3,AL10105494COL0	1	1
3895691.0	2	AL10082989COL3,AL10105494COL0	1	1
3895727.0	2	AL10082989COL3,AL10105494COL0	1	1
3897799.0	2	AL10082989COL3,AL10105494COL0	1	1
3898869.0	2	AL10082989COL3,AL10105494COL0	1	1
3903530.0	2	AL10082989COL3,AL10105494COL0	1	1
3909235.0	2	AL10082989COL3,AL10105494COL0	1	1
3922836.0	2	AL10082989COL3,AL10105494COL0	1	1
3927793.0	1	AL10105494COL0	0	1
3928892.0	1	AL10105494COL0	0	1
3936761.0	2	AL10082989COL3,AL10105494COL0	1	1
3973954.0	2	AL10082989COL3,AL10105494COL0	1	1
3983271.0	2	AL10082989COL3,AL10105494COL0	1	1
3984321.0	2	AL10082989COL3,AL10105494COL0	1	1
3989914.0	2	AL10082989COL3,AL10105494COL0	1	1
3994898.0	2	AL10082989COL3,AL10105494COL0	1	1
4005114.0	2	AL10082989COL3,AL10105494COL0	1	1
4008747.0	2	AL10082989COL3,AL10105494COL0	1	1
4009085.0	2	AL10082989COL3,AL10105494COL0	1	1
4012219.0	2	AL10082989COL3,AL10105494COL0	1	1
4018928.0	2	AL10082989COL3,AL10105494COL0	1	1
4028752.0	2	AL10082989COL3,AL10105494COL0	1	1
4038287.0	2	AL10082989COL3,AL10105494COL0	1	1
4050418.0	2	AL10082989COL3,AL10105494COL0	1	1
4053050.0	2	AL10082989COL3,AL10105494COL0	1	1
4054637.0	2	AL10082989COL3,AL10105494COL0	1	1
4056416.0	2	AL10082989COL3,AL10105494COL0	1	1
4060100.0	2	AL10082989COL3,AL10105494COL0	1	1
4060334.0	2	AL10082989COL3,AL10105494COL0	1	1
4060588.0	2	AL10082989COL3,AL10105494COL0	1	1
4061113.0	2	AL10082989COL3,AL10105494COL0	1	1
4067152.0	2	AL10082989COL3,AL10105494COL0	1	1
4067920.0	2	AL10082989COL3,AL10105494COL0	1	1
4075957.0	2	AL10082989COL3,AL10105494COL0	1	1
4078863.0	2	AL10082989COL3,AL10105494COL0	1	1
4079852.0	2	AL10082989COL3,AL10105494COL0	1	1
4088346.0	2	AL10082989COL3,AL10105494COL0	1	1
4089058.0	2	AL10082989COL3,AL10105494COL0	1	1
4095295.0	2	AL10082989COL3,AL10105494COL0	1	1
4105757.0	2	AL10082989COL3,AL10105494COL0	1	1
4107074.0	2	AL10082989COL3,AL10105494COL0	1	1
4112429.0	2	AL10082989COL3,AL10105494COL0	1	1
4116682.0	2	AL10082989COL3,AL10105494COL0	1	1
4117161.0	2	AL10082989COL3,AL10105494COL0	1	1
4119246.0	2	AL10082989COL3,AL10105494COL0	1	1
4121675.0	2	AL10082989COL3,AL10105494COL0	1	1
4130711.0	1	AL10082989COL3	1	0
4135112.0	2	AL10082989COL3,AL10105494COL0	1	1
4136581.0	2	AL10082989COL3,AL10105494COL0	1	1
4138377.0	2	AL10082989COL3,AL10105494COL0	1	1
4145737.0	2	AL10082989COL3,AL10105494COL0	1	1
4150648.0	2	AL10082989COL3,AL10105494COL0	1	1
4151855.0	2	AL10082989COL3,AL10105494COL0	1	1
4155826.0	2	AL10082989COL3,AL10105494COL0	1	1
4156239.0	2	AL10082989COL3,AL10105494COL0	1	1
4156503.0	2	AL10082989COL3,AL10105494COL0	1	1
4158361.0	2	AL10082989COL3,AL10105494COL0	1	1
4159195.0	2	AL10082989COL3,AL10105494COL0	1	1
4163944.0	2	AL10082989COL3,AL10105494COL0	1	1
4169049.0	2	AL10082989COL3,AL10105494COL0	1	1
4174564.0	2	AL10082989COL3,AL10105494COL0	1	1
4179089.0	2	AL10082989COL3,AL10105494COL0	1	1
4180806.0	2	AL10082989COL3,AL10105494COL0	1	1
4190285.0	2	AL10082989COL3,AL10105494COL0	1	1
4190532.0	2	AL10082989COL3,AL10105494COL0	1	1
4197189.0	2	AL10082989COL3,AL10105494COL0	1	1
4200220.0	2	AL10082989COL3,AL10105494COL0	1	1
4202383.0	2	AL10082989COL3,AL10105494COL0	1	1
4205120.0	2	AL10082989COL3,AL10105494COL0	1	1
4210876.0	2	AL10082989COL3,AL10105494COL0	1	1
4215484.0	2	AL10082989COL3,AL10105494COL0	1	1
4216255.0	2	AL10082989COL3,AL10105494COL0	1	1
4217557.0	2	AL10082989COL3,AL10105494COL0	1	1
4220174.0	2	AL10082989COL3,AL10105494COL0	1	1
4223172.0	2	AL10082989COL3,AL10105494COL0	1	1
4232327.0	2	AL10082989COL3,AL10105494COL0	1	1
4233299.0	2	AL10082989COL3,AL10105494COL0	1	1
4240671.0	2	AL10082989COL3,AL10105494COL0	1	1
4247646.0	2	AL10082989COL3,AL10105494COL0	1	1
4251297.0	2	AL10082989COL3,AL10105494COL0	1	1
4261499.0	2	AL10082989COL3,AL10105494COL0	1	1
4263279.0	2	AL10082989COL3,AL10105494COL0	1	1
4269387.0	2	AL10082989COL3,AL10105494COL0	1	1
4269606.0	2	AL10082989COL3,AL10105494COL0	1	1
4287164.0	2	AL10082989COL3,AL10105494COL0	1	1
4287361.0	2	AL10082989COL3,AL10105494COL0	1	1
4289953.0	2	AL10082989COL3,AL10105494COL0	1	1
4290564.0	2	AL10082989COL3,AL10105494COL0	1	1
4290827.0	2	AL10082989COL3,AL10105494COL0	1	1
4293072.0	2	AL10082989COL3,AL10105494COL0	1	1
4296015.0	2	AL10082989COL3,AL10105494COL0	1	1
4299480.0	2	AL10082989COL3,AL10105494COL0	1	1
4313128.0	2	AL10082989COL3,AL10105494COL0	1	1
4314645.0	2	AL10082989COL3,AL10105494COL0	1	1
4315384.0	2	AL10082989COL3,AL10105494COL0	1	1
4316046.0	2	AL10082989COL3,AL10105494COL0	1	1
4316566.0	2	AL10082989COL3,AL10105494COL0	1	1
4318425.0	2	AL10082989COL3,AL10105494COL0	1	1
4320050.0	2	AL10082989COL3,AL10105494COL0	1	1
4323006.0	2	AL10082989COL3,AL10105494COL0	1	1
4329782.0	2	AL10082989COL3,AL10105494COL0	1	1
4334425.0	2	AL10082989COL3,AL10105494COL0	1	1
4336597.0	2	AL10082989COL3,AL10105494COL0	1	1
4340330.0	2	AL10082989COL3,AL10105494COL0	1	1
4357597.0	2	AL10082989COL3,AL10105494COL0	1	1
4363069.0	2	AL10082989COL3,AL10105494COL0	1	1
4366195.0	2	AL10082989COL3,AL10105494COL0	1	1
4367649.0	2	AL10082989COL3,AL10105494COL0	1	1
4372353.0	2	AL10082989COL3,AL10105494COL0	1	1
4373496.0	2	AL10082989COL3,AL10105494COL0	1	1
4374228.0	2	AL10082989COL3,AL10105494COL0	1	1
4376098.0	2	AL10082989COL3,AL10105494COL0	1	1
4377033.0	2	AL10082989COL3,AL10105494COL0	1	1
4383655.0	2	AL10082989COL3,AL10105494COL0	1	1
4384007.0	2	AL10082989COL3,AL10105494COL0	1	1
4385187.0	2	AL10082989COL3,AL10105494COL0	1	1
4385530.0	2	AL10082989COL3,AL10105494COL0	1	1
4386142.0	2	AL10082989COL3,AL10105494COL0	1	1
4386228.0	2	AL10082989COL3,AL10105494COL0	1	1
4390753.0	2	AL10082989COL3,AL10105494COL0	1	1
4391553.0	2	AL10082989COL3,AL10105494COL0	1	1
4393178.0	2	AL10082989COL3,AL10105494COL0	1	1
4394210.0	2	AL10082989COL3,AL10105494COL0	1	1
4395387.0	2	AL10082989COL3,AL10105494COL0	1	1
4397324.0	2	AL10082989COL3,AL10105494COL0	1	1
4407588.0	2	AL10082989COL3,AL10105494COL0	1	1
4408156.0	2	AL10082989COL3,AL10105494COL0	1	1
4408920.0	2	AL10082989COL3,AL10105494COL0	1	1
4408923.0	2	AL10082989COL3,AL10105494COL0	1	1
